{
	"BUILD_DIR" : "/home/zhiiw/QT/build-ParkingLot-Desktop-Debug/ParkingLot_autogen",
	"CMAKE_BINARY_DIR" : "/home/zhiiw/QT/build-ParkingLot-Desktop-Debug",
	"CMAKE_CURRENT_BINARY_DIR" : "/home/zhiiw/QT/build-ParkingLot-Desktop-Debug",
	"CMAKE_CURRENT_SOURCE_DIR" : "/home/zhiiw/QT/ParkingLot",
	"CMAKE_EXECUTABLE" : "/usr/bin/cmake",
	"CMAKE_LIST_FILES" : 
	[
		"/home/zhiiw/QT/ParkingLot/CMakeLists.txt",
		"/home/zhiiw/QT/build-ParkingLot-Desktop-Debug/CMakeFiles/3.19.7/CMakeSystem.cmake",
		"/usr/share/cmake-3.19/Modules/CMakeSystemSpecificInitialize.cmake",
		"/home/zhiiw/QT/build-ParkingLot-Desktop-Debug/CMakeFiles/3.19.7/CMakeCXXCompiler.cmake",
		"/usr/share/cmake-3.19/Modules/CMakeSystemSpecificInformation.cmake",
		"/usr/share/cmake-3.19/Modules/CMakeGenericSystem.cmake",
		"/usr/share/cmake-3.19/Modules/CMakeInitializeConfigs.cmake",
		"/usr/share/cmake-3.19/Modules/Platform/Linux.cmake",
		"/usr/share/cmake-3.19/Modules/Platform/UnixPaths.cmake",
		"/usr/share/cmake-3.19/Modules/CMakeCXXInformation.cmake",
		"/usr/share/cmake-3.19/Modules/CMakeLanguageInformation.cmake",
		"/usr/share/cmake-3.19/Modules/Compiler/GNU-CXX.cmake",
		"/usr/share/cmake-3.19/Modules/Compiler/GNU.cmake",
		"/usr/share/cmake-3.19/Modules/Compiler/CMakeCommonCompilerMacros.cmake",
		"/usr/share/cmake-3.19/Modules/Platform/Linux-GNU-CXX.cmake",
		"/usr/share/cmake-3.19/Modules/Platform/Linux-GNU.cmake",
		"/usr/share/cmake-3.19/Modules/CMakeCommonLanguageInclude.cmake",
		"/usr/lib64/cmake/Qt5/Qt5ConfigVersion.cmake",
		"/usr/lib64/cmake/Qt5/Qt5Config.cmake",
		"/usr/lib64/cmake/Qt5/Qt5ConfigVersion.cmake",
		"/usr/lib64/cmake/Qt5/Qt5Config.cmake",
		"/usr/lib64/cmake/Qt5/Qt5ModuleLocation.cmake",
		"/usr/lib64/cmake/Qt5Sql/Qt5SqlConfigVersion.cmake",
		"/usr/lib64/cmake/Qt5Sql/Qt5SqlConfig.cmake",
		"/usr/lib64/cmake/Qt5Core/Qt5CoreConfigVersion.cmake",
		"/usr/lib64/cmake/Qt5Core/Qt5CoreConfig.cmake",
		"/usr/lib64/cmake/Qt5Core/Qt5CoreConfigExtras.cmake",
		"/usr/lib64/cmake/Qt5Core/Qt5CoreConfigExtrasMkspecDir.cmake",
		"/usr/lib64/cmake/Qt5Core/Qt5CoreMacros.cmake",
		"/usr/share/cmake-3.19/Modules/CMakeParseArguments.cmake",
		"/usr/lib64/cmake/Qt5Sql/Qt5Sql_QIBaseDriverPlugin.cmake",
		"/usr/lib64/cmake/Qt5Sql/Qt5Sql_QMYSQLDriverPlugin.cmake",
		"/usr/lib64/cmake/Qt5Sql/Qt5Sql_QODBCDriverPlugin.cmake",
		"/usr/lib64/cmake/Qt5Sql/Qt5Sql_QPSQLDriverPlugin.cmake",
		"/usr/lib64/cmake/Qt5Sql/Qt5Sql_QSQLiteDriverPlugin.cmake",
		"/usr/lib64/cmake/Qt5Sql/Qt5Sql_QTDSDriverPlugin.cmake",
		"/usr/lib64/cmake/Qt5/Qt5ConfigVersion.cmake",
		"/usr/lib64/cmake/Qt5/Qt5Config.cmake",
		"/usr/lib64/cmake/Qt5/Qt5ModuleLocation.cmake",
		"/usr/lib64/cmake/Qt5Widgets/Qt5WidgetsConfigVersion.cmake",
		"/usr/lib64/cmake/Qt5Widgets/Qt5WidgetsConfig.cmake",
		"/usr/lib64/cmake/Qt5Gui/Qt5GuiConfigVersion.cmake",
		"/usr/lib64/cmake/Qt5Gui/Qt5GuiConfig.cmake",
		"/usr/lib64/cmake/Qt5Gui/Qt5Gui_QComposePlatformInputContextPlugin.cmake",
		"/usr/lib64/cmake/Qt5Gui/Qt5Gui_QEglFSEmulatorIntegrationPlugin.cmake",
		"/usr/lib64/cmake/Qt5Gui/Qt5Gui_QEglFSIntegrationPlugin.cmake",
		"/usr/lib64/cmake/Qt5Gui/Qt5Gui_QEglFSKmsEglDeviceIntegrationPlugin.cmake",
		"/usr/lib64/cmake/Qt5Gui/Qt5Gui_QEglFSKmsGbmIntegrationPlugin.cmake",
		"/usr/lib64/cmake/Qt5Gui/Qt5Gui_QEglFSX11IntegrationPlugin.cmake",
		"/usr/lib64/cmake/Qt5Gui/Qt5Gui_QEvdevKeyboardPlugin.cmake",
		"/usr/lib64/cmake/Qt5Gui/Qt5Gui_QEvdevMousePlugin.cmake",
		"/usr/lib64/cmake/Qt5Gui/Qt5Gui_QEvdevTabletPlugin.cmake",
		"/usr/lib64/cmake/Qt5Gui/Qt5Gui_QEvdevTouchScreenPlugin.cmake",
		"/usr/lib64/cmake/Qt5Gui/Qt5Gui_QGifPlugin.cmake",
		"/usr/lib64/cmake/Qt5Gui/Qt5Gui_QGtk3ThemePlugin.cmake",
		"/usr/lib64/cmake/Qt5Gui/Qt5Gui_QICNSPlugin.cmake",
		"/usr/lib64/cmake/Qt5Gui/Qt5Gui_QICOPlugin.cmake",
		"/usr/lib64/cmake/Qt5Gui/Qt5Gui_QIbusPlatformInputContextPlugin.cmake",
		"/usr/lib64/cmake/Qt5Gui/Qt5Gui_QJp2Plugin.cmake",
		"/usr/lib64/cmake/Qt5Gui/Qt5Gui_QJpegPlugin.cmake",
		"/usr/lib64/cmake/Qt5Gui/Qt5Gui_QLibInputPlugin.cmake",
		"/usr/lib64/cmake/Qt5Gui/Qt5Gui_QLinuxFbIntegrationPlugin.cmake",
		"/usr/lib64/cmake/Qt5Gui/Qt5Gui_QMinimalEglIntegrationPlugin.cmake",
		"/usr/lib64/cmake/Qt5Gui/Qt5Gui_QMinimalIntegrationPlugin.cmake",
		"/usr/lib64/cmake/Qt5Gui/Qt5Gui_QMngPlugin.cmake",
		"/usr/lib64/cmake/Qt5Gui/Qt5Gui_QOffscreenIntegrationPlugin.cmake",
		"/usr/lib64/cmake/Qt5Gui/Qt5Gui_QPdfPlugin.cmake",
		"/usr/lib64/cmake/Qt5Gui/Qt5Gui_QSvgIconPlugin.cmake",
		"/usr/lib64/cmake/Qt5Gui/Qt5Gui_QSvgPlugin.cmake",
		"/usr/lib64/cmake/Qt5Gui/Qt5Gui_QTgaPlugin.cmake",
		"/usr/lib64/cmake/Qt5Gui/Qt5Gui_QTiffPlugin.cmake",
		"/usr/lib64/cmake/Qt5Gui/Qt5Gui_QTsLibPlugin.cmake",
		"/usr/lib64/cmake/Qt5Gui/Qt5Gui_QTuioTouchPlugin.cmake",
		"/usr/lib64/cmake/Qt5Gui/Qt5Gui_QVirtualKeyboardPlugin.cmake",
		"/usr/lib64/cmake/Qt5Gui/Qt5Gui_QVncIntegrationPlugin.cmake",
		"/usr/lib64/cmake/Qt5Gui/Qt5Gui_QWaylandEglPlatformIntegrationPlugin.cmake",
		"/usr/lib64/cmake/Qt5Gui/Qt5Gui_QWaylandIntegrationPlugin.cmake",
		"/usr/lib64/cmake/Qt5Gui/Qt5Gui_QWaylandXCompositeEglPlatformIntegrationPlugin.cmake",
		"/usr/lib64/cmake/Qt5Gui/Qt5Gui_QWaylandXCompositeGlxPlatformIntegrationPlugin.cmake",
		"/usr/lib64/cmake/Qt5Gui/Qt5Gui_QWbmpPlugin.cmake",
		"/usr/lib64/cmake/Qt5Gui/Qt5Gui_QWebpPlugin.cmake",
		"/usr/lib64/cmake/Qt5Gui/Qt5Gui_QXcbEglIntegrationPlugin.cmake",
		"/usr/lib64/cmake/Qt5Gui/Qt5Gui_QXcbGlxIntegrationPlugin.cmake",
		"/usr/lib64/cmake/Qt5Gui/Qt5Gui_QXcbIntegrationPlugin.cmake",
		"/usr/lib64/cmake/Qt5Gui/Qt5Gui_QXdgDesktopPortalThemePlugin.cmake",
		"/usr/lib64/cmake/Qt5Gui/Qt5GuiConfigExtras.cmake",
		"/usr/lib64/cmake/Qt5Widgets/Qt5WidgetsConfigExtras.cmake",
		"/usr/lib64/cmake/Qt5Widgets/Qt5WidgetsMacros.cmake",
		"/usr/share/cmake-3.19/Modules/CMakeParseArguments.cmake",
		"/home/zhiiw/QT/ParkingLot/test.qrc"
	],
	"CMAKE_SOURCE_DIR" : "/home/zhiiw/QT/ParkingLot",
	"DEP_FILE" : "",
	"DEP_FILE_RULE_NAME" : "",
	"HEADERS" : 
	[
		[ "/home/zhiiw/QT/ParkingLot/car.h", "MU", "EWIEGA46WW/moc_car.cpp" ],
		[
			"/home/zhiiw/QT/ParkingLot/consumerThread.h",
			"MU",
			"EWIEGA46WW/moc_consumerThread.cpp"
		],
		[
			"/home/zhiiw/QT/ParkingLot/mainwindow.h",
			"MU",
			"EWIEGA46WW/moc_mainwindow.cpp"
		],
		[
			"/home/zhiiw/QT/ParkingLot/myExceptions.h",
			"MU",
			"EWIEGA46WW/moc_myExceptions.cpp"
		],
		[
			"/home/zhiiw/QT/ParkingLot/parkingSpot.h",
			"MU",
			"EWIEGA46WW/moc_parkingSpot.cpp"
		],
		[
			"/home/zhiiw/QT/ParkingLot/parkinglot.h",
			"MU",
			"EWIEGA46WW/moc_parkinglot.cpp"
		],
		[
			"/home/zhiiw/QT/ParkingLot/producerThread.h",
			"MU",
			"EWIEGA46WW/moc_producerThread.cpp"
		],
		[ "/home/zhiiw/QT/ParkingLot/queue.h", "MU", "EWIEGA46WW/moc_queue.cpp" ],
		[ "/home/zhiiw/QT/ParkingLot/sql.h", "MU", "EWIEGA46WW/moc_sql.cpp" ],
		[
			"/home/zhiiw/QT/ParkingLot/worker.h",
			"MU",
			"EWIEGA46WW/moc_worker.cpp"
		]
	],
	"HEADER_EXTENSIONS" : [ "h", "hh", "h++", "hm", "hpp", "hxx", "in", "txx" ],
	"INCLUDE_DIR" : "/home/zhiiw/QT/build-ParkingLot-Desktop-Debug/ParkingLot_autogen/include",
	"MOC_COMPILATION_FILE" : "/home/zhiiw/QT/build-ParkingLot-Desktop-Debug/ParkingLot_autogen/mocs_compilation.cpp",
	"MOC_DEFINITIONS" : [ "QT_CORE_LIB", "QT_GUI_LIB", "QT_SQL_LIB", "QT_WIDGETS_LIB" ],
	"MOC_DEPEND_FILTERS" : 
	[
		[
			"Q_PLUGIN_METADATA",
			"[\n][ \t]*Q_PLUGIN_METADATA[ \t]*\\([^\\)]*FILE[ \t]*\"([^\"]+)\""
		]
	],
	"MOC_INCLUDES" : 
	[
		"/home/zhiiw/QT/build-ParkingLot-Desktop-Debug",
		"/home/zhiiw/QT/ParkingLot",
		"/usr/include/qt",
		"/usr/include/qt/QtWidgets",
		"/usr/include/qt/QtGui",
		"/usr/include/qt/QtCore",
		"/usr/lib/qt/mkspecs/linux-g++",
		"/usr/include/qt/QtSql",
		"/usr/include/c++/10.2.0",
		"/usr/include/c++/10.2.0/x86_64-pc-linux-gnu",
		"/usr/include/c++/10.2.0/backward",
		"/usr/lib/gcc/x86_64-pc-linux-gnu/10.2.0/include",
		"/usr/local/include",
		"/usr/lib/gcc/x86_64-pc-linux-gnu/10.2.0/include-fixed",
		"/usr/include"
	],
	"MOC_MACRO_NAMES" : [ "Q_OBJECT", "Q_GADGET", "Q_NAMESPACE", "Q_NAMESPACE_EXPORT" ],
	"MOC_OPTIONS" : [],
	"MOC_PATH_PREFIX" : false,
	"MOC_PREDEFS_CMD" : 
	[
		"/usr/bin/g++",
		"-dM",
		"-E",
		"-c",
		"/usr/share/cmake-3.19/Modules/CMakeCXXCompilerABI.cpp"
	],
	"MOC_PREDEFS_FILE" : "/home/zhiiw/QT/build-ParkingLot-Desktop-Debug/ParkingLot_autogen/moc_predefs.h",
	"MOC_RELAXED_MODE" : false,
	"MOC_SKIP" : [],
	"MULTI_CONFIG" : false,
	"PARALLEL" : 8,
	"PARSE_CACHE_FILE" : "/home/zhiiw/QT/build-ParkingLot-Desktop-Debug/CMakeFiles/ParkingLot_autogen.dir/ParseCache.txt",
	"QT_MOC_EXECUTABLE" : "/usr/bin/moc",
	"QT_UIC_EXECUTABLE" : "/usr/bin/uic",
	"QT_VERSION_MAJOR" : 5,
	"QT_VERSION_MINOR" : 15,
	"SETTINGS_FILE" : "/home/zhiiw/QT/build-ParkingLot-Desktop-Debug/CMakeFiles/ParkingLot_autogen.dir/AutogenUsed.txt",
	"SOURCES" : 
	[
		[ "/home/zhiiw/QT/ParkingLot/consumerThread.cpp", "MU" ],
		[ "/home/zhiiw/QT/ParkingLot/main.cpp", "MU" ],
		[ "/home/zhiiw/QT/ParkingLot/mainwindow.cpp", "MU" ],
		[ "/home/zhiiw/QT/ParkingLot/producerThread.cpp", "MU" ],
		[ "/home/zhiiw/QT/ParkingLot/sql.cpp", "MU" ],
		[ "/home/zhiiw/QT/ParkingLot/work.cpp", "MU" ]
	],
	"UIC_OPTIONS" : [],
	"UIC_SEARCH_PATHS" : [],
	"UIC_SKIP" : [],
	"UIC_UI_FILES" : [],
	"VERBOSITY" : 0
}
