{
	"BUILD_DIR" : "/home/zhiiw/QT/build-Calculator-Desktop-Debug/Calculator_autogen",
	"CMAKE_BINARY_DIR" : "/home/zhiiw/QT/build-Calculator-Desktop-Debug",
	"CMAKE_CURRENT_BINARY_DIR" : "/home/zhiiw/QT/build-Calculator-Desktop-Debug",
	"CMAKE_CURRENT_SOURCE_DIR" : "/home/zhiiw/QT/Calculator",
	"CMAKE_EXECUTABLE" : "/usr/bin/cmake",
	"CMAKE_LIST_FILES" : 
	[
		"/home/zhiiw/QT/Calculator/CMakeLists.txt",
		"/usr/share/cmake-3.19/Modules/CMakeDetermineSystem.cmake",
		"/usr/share/cmake-3.19/Modules/CMakeSystem.cmake.in",
		"/home/zhiiw/QT/build-Calculator-Desktop-Debug/CMakeFiles/3.19.7/CMakeSystem.cmake",
		"/usr/share/cmake-3.19/Modules/CMakeSystemSpecificInitialize.cmake",
		"/usr/share/cmake-3.19/Modules/CMakeDetermineCXXCompiler.cmake",
		"/usr/share/cmake-3.19/Modules/CMakeDetermineCompiler.cmake",
		"/usr/share/cmake-3.19/Modules/Platform/Linux-Determine-CXX.cmake",
		"/usr/share/cmake-3.19/Modules/CMakeDetermineCompilerId.cmake",
		"/usr/share/cmake-3.19/Modules/CMakeCompilerIdDetection.cmake",
		"/usr/share/cmake-3.19/Modules/Compiler/ADSP-DetermineCompiler.cmake",
		"/usr/share/cmake-3.19/Modules/Compiler/ARMCC-DetermineCompiler.cmake",
		"/usr/share/cmake-3.19/Modules/Compiler/ARMClang-DetermineCompiler.cmake",
		"/usr/share/cmake-3.19/Modules/Compiler/AppleClang-DetermineCompiler.cmake",
		"/usr/share/cmake-3.19/Modules/Compiler/Clang-DetermineCompilerInternal.cmake",
		"/usr/share/cmake-3.19/Modules/Compiler/Borland-DetermineCompiler.cmake",
		"/usr/share/cmake-3.19/Modules/Compiler/Clang-DetermineCompiler.cmake",
		"/usr/share/cmake-3.19/Modules/Compiler/Clang-DetermineCompilerInternal.cmake",
		"/usr/share/cmake-3.19/Modules/Compiler/Comeau-CXX-DetermineCompiler.cmake",
		"/usr/share/cmake-3.19/Modules/Compiler/Compaq-CXX-DetermineCompiler.cmake",
		"/usr/share/cmake-3.19/Modules/Compiler/Cray-DetermineCompiler.cmake",
		"/usr/share/cmake-3.19/Modules/Compiler/Embarcadero-DetermineCompiler.cmake",
		"/usr/share/cmake-3.19/Modules/Compiler/Fujitsu-DetermineCompiler.cmake",
		"/usr/share/cmake-3.19/Modules/Compiler/GHS-DetermineCompiler.cmake",
		"/usr/share/cmake-3.19/Modules/Compiler/GNU-CXX-DetermineCompiler.cmake",
		"/usr/share/cmake-3.19/Modules/Compiler/HP-CXX-DetermineCompiler.cmake",
		"/usr/share/cmake-3.19/Modules/Compiler/IAR-DetermineCompiler.cmake",
		"/usr/share/cmake-3.19/Modules/Compiler/Intel-DetermineCompiler.cmake",
		"/usr/share/cmake-3.19/Modules/Compiler/MSVC-DetermineCompiler.cmake",
		"/usr/share/cmake-3.19/Modules/Compiler/NVIDIA-DetermineCompiler.cmake",
		"/usr/share/cmake-3.19/Modules/Compiler/OpenWatcom-DetermineCompiler.cmake",
		"/usr/share/cmake-3.19/Modules/Compiler/PGI-DetermineCompiler.cmake",
		"/usr/share/cmake-3.19/Modules/Compiler/PathScale-DetermineCompiler.cmake",
		"/usr/share/cmake-3.19/Modules/Compiler/SCO-DetermineCompiler.cmake",
		"/usr/share/cmake-3.19/Modules/Compiler/SunPro-CXX-DetermineCompiler.cmake",
		"/usr/share/cmake-3.19/Modules/Compiler/TI-DetermineCompiler.cmake",
		"/usr/share/cmake-3.19/Modules/Compiler/VisualAge-CXX-DetermineCompiler.cmake",
		"/usr/share/cmake-3.19/Modules/Compiler/IBMCPP-CXX-DetermineVersionInternal.cmake",
		"/usr/share/cmake-3.19/Modules/Compiler/Watcom-DetermineCompiler.cmake",
		"/usr/share/cmake-3.19/Modules/Compiler/XL-CXX-DetermineCompiler.cmake",
		"/usr/share/cmake-3.19/Modules/Compiler/IBMCPP-CXX-DetermineVersionInternal.cmake",
		"/usr/share/cmake-3.19/Modules/Compiler/XLClang-CXX-DetermineCompiler.cmake",
		"/usr/share/cmake-3.19/Modules/Compiler/zOS-CXX-DetermineCompiler.cmake",
		"/usr/share/cmake-3.19/Modules/Compiler/IBMCPP-CXX-DetermineVersionInternal.cmake",
		"/usr/share/cmake-3.19/Modules/CMakeFindBinUtils.cmake",
		"/usr/share/cmake-3.19/Modules/Compiler/GNU-FindBinUtils.cmake",
		"/usr/share/cmake-3.19/Modules/CMakeCXXCompiler.cmake.in",
		"/home/zhiiw/QT/build-Calculator-Desktop-Debug/CMakeFiles/3.19.7/CMakeCXXCompiler.cmake",
		"/usr/share/cmake-3.19/Modules/CMakeSystemSpecificInformation.cmake",
		"/usr/share/cmake-3.19/Modules/CMakeGenericSystem.cmake",
		"/usr/share/cmake-3.19/Modules/CMakeInitializeConfigs.cmake",
		"/usr/share/cmake-3.19/Modules/Platform/Linux.cmake",
		"/usr/share/cmake-3.19/Modules/Platform/UnixPaths.cmake",
		"/usr/share/cmake-3.19/Modules/CMakeCXXInformation.cmake",
		"/usr/share/cmake-3.19/Modules/CMakeLanguageInformation.cmake",
		"/usr/share/cmake-3.19/Modules/Compiler/GNU-CXX.cmake",
		"/usr/share/cmake-3.19/Modules/Compiler/GNU.cmake",
		"/usr/share/cmake-3.19/Modules/Compiler/CMakeCommonCompilerMacros.cmake",
		"/usr/share/cmake-3.19/Modules/Platform/Linux-GNU-CXX.cmake",
		"/usr/share/cmake-3.19/Modules/Platform/Linux-GNU.cmake",
		"/usr/share/cmake-3.19/Modules/CMakeCommonLanguageInclude.cmake",
		"/usr/share/cmake-3.19/Modules/CMakeTestCXXCompiler.cmake",
		"/usr/share/cmake-3.19/Modules/CMakeTestCompilerCommon.cmake",
		"/usr/share/cmake-3.19/Modules/CMakeDetermineCompilerABI.cmake",
		"/usr/share/cmake-3.19/Modules/CMakeParseImplicitIncludeInfo.cmake",
		"/usr/share/cmake-3.19/Modules/CMakeParseImplicitLinkInfo.cmake",
		"/usr/share/cmake-3.19/Modules/CMakeTestCompilerCommon.cmake",
		"/usr/share/cmake-3.19/Modules/CMakeCXXCompilerABI.cpp",
		"/usr/share/cmake-3.19/Modules/CMakeDetermineCompileFeatures.cmake",
		"/usr/share/cmake-3.19/Modules/Internal/FeatureTesting.cmake",
		"/usr/share/cmake-3.19/Modules/CMakeCXXCompiler.cmake.in",
		"/home/zhiiw/QT/build-Calculator-Desktop-Debug/CMakeFiles/3.19.7/CMakeCXXCompiler.cmake",
		"/usr/lib64/cmake/Qt5/Qt5ConfigVersion.cmake",
		"/usr/lib64/cmake/Qt5/Qt5Config.cmake",
		"/usr/lib64/cmake/Qt5/Qt5ConfigVersion.cmake",
		"/usr/lib64/cmake/Qt5/Qt5Config.cmake",
		"/usr/lib64/cmake/Qt5/Qt5ModuleLocation.cmake",
		"/usr/lib64/cmake/Qt5Widgets/Qt5WidgetsConfigVersion.cmake",
		"/usr/lib64/cmake/Qt5Widgets/Qt5WidgetsConfig.cmake",
		"/usr/lib64/cmake/Qt5Gui/Qt5GuiConfigVersion.cmake",
		"/usr/lib64/cmake/Qt5Gui/Qt5GuiConfig.cmake",
		"/usr/lib64/cmake/Qt5Core/Qt5CoreConfigVersion.cmake",
		"/usr/lib64/cmake/Qt5Core/Qt5CoreConfig.cmake",
		"/usr/lib64/cmake/Qt5Core/Qt5CoreConfigExtras.cmake",
		"/usr/lib64/cmake/Qt5Core/Qt5CoreConfigExtrasMkspecDir.cmake",
		"/usr/lib64/cmake/Qt5Core/Qt5CoreMacros.cmake",
		"/usr/share/cmake-3.19/Modules/CMakeParseArguments.cmake",
		"/usr/lib64/cmake/Qt5Gui/Qt5Gui_QComposePlatformInputContextPlugin.cmake",
		"/usr/lib64/cmake/Qt5Gui/Qt5Gui_QEglFSEmulatorIntegrationPlugin.cmake",
		"/usr/lib64/cmake/Qt5Gui/Qt5Gui_QEglFSIntegrationPlugin.cmake",
		"/usr/lib64/cmake/Qt5Gui/Qt5Gui_QEglFSKmsEglDeviceIntegrationPlugin.cmake",
		"/usr/lib64/cmake/Qt5Gui/Qt5Gui_QEglFSKmsGbmIntegrationPlugin.cmake",
		"/usr/lib64/cmake/Qt5Gui/Qt5Gui_QEglFSX11IntegrationPlugin.cmake",
		"/usr/lib64/cmake/Qt5Gui/Qt5Gui_QEvdevKeyboardPlugin.cmake",
		"/usr/lib64/cmake/Qt5Gui/Qt5Gui_QEvdevMousePlugin.cmake",
		"/usr/lib64/cmake/Qt5Gui/Qt5Gui_QEvdevTabletPlugin.cmake",
		"/usr/lib64/cmake/Qt5Gui/Qt5Gui_QEvdevTouchScreenPlugin.cmake",
		"/usr/lib64/cmake/Qt5Gui/Qt5Gui_QGifPlugin.cmake",
		"/usr/lib64/cmake/Qt5Gui/Qt5Gui_QGtk3ThemePlugin.cmake",
		"/usr/lib64/cmake/Qt5Gui/Qt5Gui_QICNSPlugin.cmake",
		"/usr/lib64/cmake/Qt5Gui/Qt5Gui_QICOPlugin.cmake",
		"/usr/lib64/cmake/Qt5Gui/Qt5Gui_QIbusPlatformInputContextPlugin.cmake",
		"/usr/lib64/cmake/Qt5Gui/Qt5Gui_QJp2Plugin.cmake",
		"/usr/lib64/cmake/Qt5Gui/Qt5Gui_QJpegPlugin.cmake",
		"/usr/lib64/cmake/Qt5Gui/Qt5Gui_QLibInputPlugin.cmake",
		"/usr/lib64/cmake/Qt5Gui/Qt5Gui_QLinuxFbIntegrationPlugin.cmake",
		"/usr/lib64/cmake/Qt5Gui/Qt5Gui_QMinimalEglIntegrationPlugin.cmake",
		"/usr/lib64/cmake/Qt5Gui/Qt5Gui_QMinimalIntegrationPlugin.cmake",
		"/usr/lib64/cmake/Qt5Gui/Qt5Gui_QMngPlugin.cmake",
		"/usr/lib64/cmake/Qt5Gui/Qt5Gui_QOffscreenIntegrationPlugin.cmake",
		"/usr/lib64/cmake/Qt5Gui/Qt5Gui_QPdfPlugin.cmake",
		"/usr/lib64/cmake/Qt5Gui/Qt5Gui_QSvgIconPlugin.cmake",
		"/usr/lib64/cmake/Qt5Gui/Qt5Gui_QSvgPlugin.cmake",
		"/usr/lib64/cmake/Qt5Gui/Qt5Gui_QTgaPlugin.cmake",
		"/usr/lib64/cmake/Qt5Gui/Qt5Gui_QTiffPlugin.cmake",
		"/usr/lib64/cmake/Qt5Gui/Qt5Gui_QTsLibPlugin.cmake",
		"/usr/lib64/cmake/Qt5Gui/Qt5Gui_QTuioTouchPlugin.cmake",
		"/usr/lib64/cmake/Qt5Gui/Qt5Gui_QVirtualKeyboardPlugin.cmake",
		"/usr/lib64/cmake/Qt5Gui/Qt5Gui_QVncIntegrationPlugin.cmake",
		"/usr/lib64/cmake/Qt5Gui/Qt5Gui_QWaylandEglPlatformIntegrationPlugin.cmake",
		"/usr/lib64/cmake/Qt5Gui/Qt5Gui_QWaylandIntegrationPlugin.cmake",
		"/usr/lib64/cmake/Qt5Gui/Qt5Gui_QWaylandXCompositeEglPlatformIntegrationPlugin.cmake",
		"/usr/lib64/cmake/Qt5Gui/Qt5Gui_QWaylandXCompositeGlxPlatformIntegrationPlugin.cmake",
		"/usr/lib64/cmake/Qt5Gui/Qt5Gui_QWbmpPlugin.cmake",
		"/usr/lib64/cmake/Qt5Gui/Qt5Gui_QWebpPlugin.cmake",
		"/usr/lib64/cmake/Qt5Gui/Qt5Gui_QXcbEglIntegrationPlugin.cmake",
		"/usr/lib64/cmake/Qt5Gui/Qt5Gui_QXcbGlxIntegrationPlugin.cmake",
		"/usr/lib64/cmake/Qt5Gui/Qt5Gui_QXcbIntegrationPlugin.cmake",
		"/usr/lib64/cmake/Qt5Gui/Qt5Gui_QXdgDesktopPortalThemePlugin.cmake",
		"/usr/lib64/cmake/Qt5Gui/Qt5GuiConfigExtras.cmake",
		"/usr/lib64/cmake/Qt5Widgets/Qt5WidgetsConfigExtras.cmake",
		"/usr/lib64/cmake/Qt5Widgets/Qt5WidgetsMacros.cmake",
		"/usr/share/cmake-3.19/Modules/CMakeParseArguments.cmake"
	],
	"CMAKE_SOURCE_DIR" : "/home/zhiiw/QT/Calculator",
	"DEP_FILE" : "",
	"DEP_FILE_RULE_NAME" : "",
	"HEADERS" : 
	[
		[
			"/home/zhiiw/QT/Calculator/calculate.h",
			"MU",
			"EWIEGA46WW/moc_calculate.cpp"
		],
		[
			"/home/zhiiw/QT/Calculator/mainwindow.h",
			"MU",
			"EWIEGA46WW/moc_mainwindow.cpp"
		],
		[ "/home/zhiiw/QT/Calculator/stack.h", "MU", "EWIEGA46WW/moc_stack.cpp" ]
	],
	"HEADER_EXTENSIONS" : [ "h", "hh", "h++", "hm", "hpp", "hxx", "in", "txx" ],
	"INCLUDE_DIR" : "/home/zhiiw/QT/build-Calculator-Desktop-Debug/Calculator_autogen/include",
	"MOC_COMPILATION_FILE" : "/home/zhiiw/QT/build-Calculator-Desktop-Debug/Calculator_autogen/mocs_compilation.cpp",
	"MOC_DEFINITIONS" : [ "QT_CORE_LIB", "QT_GUI_LIB", "QT_WIDGETS_LIB" ],
	"MOC_DEPEND_FILTERS" : 
	[
		[
			"Q_PLUGIN_METADATA",
			"[\n][ \t]*Q_PLUGIN_METADATA[ \t]*\\([^\\)]*FILE[ \t]*\"([^\"]+)\""
		]
	],
	"MOC_INCLUDES" : 
	[
		"/home/zhiiw/QT/build-Calculator-Desktop-Debug",
		"/home/zhiiw/QT/Calculator",
		"/usr/include/qt",
		"/usr/include/qt/QtWidgets",
		"/usr/include/qt/QtGui",
		"/usr/include/qt/QtCore",
		"/usr/lib/qt/mkspecs/linux-g++",
		"/usr/include/c++/10.2.0",
		"/usr/include/c++/10.2.0/x86_64-pc-linux-gnu",
		"/usr/include/c++/10.2.0/backward",
		"/usr/lib/gcc/x86_64-pc-linux-gnu/10.2.0/include",
		"/usr/local/include",
		"/usr/lib/gcc/x86_64-pc-linux-gnu/10.2.0/include-fixed",
		"/usr/include"
	],
	"MOC_MACRO_NAMES" : [ "Q_OBJECT", "Q_GADGET", "Q_NAMESPACE", "Q_NAMESPACE_EXPORT" ],
	"MOC_OPTIONS" : [],
	"MOC_PATH_PREFIX" : false,
	"MOC_PREDEFS_CMD" : 
	[
		"/usr/bin/g++",
		"-dM",
		"-E",
		"-c",
		"/usr/share/cmake-3.19/Modules/CMakeCXXCompilerABI.cpp"
	],
	"MOC_PREDEFS_FILE" : "/home/zhiiw/QT/build-Calculator-Desktop-Debug/Calculator_autogen/moc_predefs.h",
	"MOC_RELAXED_MODE" : false,
	"MOC_SKIP" : [],
	"MULTI_CONFIG" : false,
	"PARALLEL" : 8,
	"PARSE_CACHE_FILE" : "/home/zhiiw/QT/build-Calculator-Desktop-Debug/CMakeFiles/Calculator_autogen.dir/ParseCache.txt",
	"QT_MOC_EXECUTABLE" : "/usr/bin/moc",
	"QT_UIC_EXECUTABLE" : "/usr/bin/uic",
	"QT_VERSION_MAJOR" : 5,
	"QT_VERSION_MINOR" : 15,
	"SETTINGS_FILE" : "/home/zhiiw/QT/build-Calculator-Desktop-Debug/CMakeFiles/Calculator_autogen.dir/AutogenUsed.txt",
	"SOURCES" : 
	[
		[ "/home/zhiiw/QT/Calculator/main.cpp", "MU" ],
		[ "/home/zhiiw/QT/Calculator/mainwindow.cpp", "MU" ],
		[ "/home/zhiiw/QT/Calculator/stack.cpp", "MU" ]
	],
	"UIC_OPTIONS" : [],
	"UIC_SEARCH_PATHS" : [],
	"UIC_SKIP" : [],
	"UIC_UI_FILES" : [],
	"VERBOSITY" : 0
}
